Model,Train_R2,MAE,MSE,RMSE,R2,MAE_EUR,Fit_time_s
CatBoost,0.9993117580993447,0.029311598019892054,0.0027157528686064273,0.05211288582113283,0.9982782902167637,89403.80590316151,4.015186786651611
LightGBM,0.9994520545798684,0.0356472316149545,0.0034918390822953607,0.05909178523530458,0.9977862737147509,114881.06324291162,1.7523760795593262
XGBoost,0.9991925823315484,0.03830173793483282,0.0036719398395105044,0.0605965332301321,0.9976720949766007,123815.14865996978,1.448620080947876
Gradient Boosting,0.9986393019625471,0.03882852701424643,0.003739675854154697,0.061152889172586905,0.9976291522771973,105121.78807363113,20.127716302871704
HistGradientBoosting,0.9988171697181969,0.03614644543607012,0.0037480798959686583,0.061221563978459896,0.9976238243546248,108728.52011122828,1.397244930267334
Random Forest,0.9991616434306148,0.04557855043833427,0.0056781119445302895,0.07535324773711011,0.9964002391387605,156848.8823087139,25.422199964523315
Extra Trees,0.9997545976264305,0.04524547538246608,0.006443500415183799,0.08027141717438281,0.9959150047004088,159092.95696191094,16.639736890792847
Decision Tree,0.9978430208634987,0.05954348120466044,0.011276757046651655,0.10619207619522116,0.992850857986809,217944.02211275767,0.2821943759918213
SVR,0.9970640669989854,0.10639611392016608,0.024139179121401347,0.1553678831721709,0.9846964496169585,395036.9837840351,76.51442337036133
Linear Regression,0.9708154537229197,0.1637112016018981,0.051019868396720826,0.22587578089897292,0.9676548600671703,599866.5014281812,0.030844926834106445
AdaBoost,0.9154677438480747,0.32021096815652417,0.14195900256641905,0.376774471755212,0.9100020453398332,958724.631860577,8.850312232971191
KNN,0.9999999999999971,0.28334269640086646,0.1470087028678252,0.38341713950712375,0.9068006795190164,873858.5993603038,0.0009129047393798828
